{
    "wine": 0.12144161859431479,
    "wines": 0.2981613070089972,
    "tasting": 0.41960292560331197,
    "beer": 0.45243311823264903,
    "champagne": 0.4570693076765443,
    "great": 0.5697799703851878,
    "company": 0.6134127271785292,
    "today": 0.676643853683276,
    "beers": 0.7068454929736535,
    "edinburgh": 0.7117829177486695,
    "just": 0.7142833716236132,
    "tickets": 0.7155416936140614,
    "pinot": 0.7433056526721968,
    "best": 0.7531812115543988,
    "good": 0.7619208997052,
    "world": 0.778658202337346,
    "week": 0.7997644457315025,
    "time": 0.8083076119119535,
    "like": 0.8100467280496401,
    "drinking": 0.8153272549009385,
    "check": 0.8207052738897126,
    "love": 0.8374620322632468,
    "thanks": 0.8511959401062658,
    "winery": 0.8532118726351454,
    "food": 0.8572860801370206,
    "article": 0.8698621807652772,
    "christmas": 0.8741778313707622,
    "happy": 0.8763598721940324,
    "night": 0.8785583814056851,
    "friday": 0.8830058126457762,
    "noir": 0.8944308490527386,
    "tonight": 0.8991293555549162,
    "fine": 0.9063223404638205,
    "look": 0.9136974454710786,
    "fruit": 0.9161978993460225,
    "grower": 0.9187200024415796,
    "year": 0.9238306789280906,
    "nature": 0.926420038980385,
    "weekend": 0.9316688492343602,
    "know": 0.9452201803946061,
    "post": 0.9480077718855329,
    "list": 0.9594328082924953,
    "glass": 0.9713242997035773,
    "free": 0.9774571807054055,
    "winetasting": 0.980572730059755,
    "tomorrow": 1.0
}