{
    "test": 0.02323990038562454,
    "cricket": 0.1904530871187073,
    "pakistan": 0.21369298750433183,
    "match": 0.2566473924648889,
    "series": 0.3189808986730722,
    "ball": 0.3418026301391785,
    "india": 0.4178349907368711,
    "runs": 0.4769547523563288,
    "today": 0.4797989941798795,
    "just": 0.5243267368506644,
    "team": 0.5336815156369751,
    "australia": 0.5400075573315136,
    "wickets": 0.5480187550853985,
    "wicket": 0.6022518475544467,
    "winning": 0.6094227577047675,
    "time": 0.6185198171850607,
    "innings": 0.6203574134429589,
    "england": 0.6486840545422479,
    "great": 0.654528635853886,
    "good": 0.6564907041278717,
    "player": 0.6664073610313315,
    "year": 0.6930594003301738,
    "players": 0.6993975844074317,
    "south": 0.7015266376155312,
    "latest": 0.7122972273015473,
    "africa": 0.7482518588165924,
    "matches": 0.789216549522228,
    "fast": 0.8070126356421959,
    "international": 0.822738264555225,
    "world": 0.8307728534971595,
    "running": 0.8641381941668528,
    "second": 0.8670121410001499,
    "catch": 0.869901174237635,
    "captain": 0.8845782991796115,
    "balls": 0.8905605272956121,
    "wine": 0.8935762037063987,
    "squad": 0.9151616984519145,
    "scored": 0.9246782393305221,
    "like": 0.9311152667212538,
    "zealand": 0.9475451306221765,
    "football": 0.9542569158530557,
    "years": 0.9610515647221304,
    "greatest": 0.9679311489002892,
    "batting": 0.9714034605315832,
    "play": 0.989101434597108,
    "happy": 1.0
}