{
	"wine": 0.1,
	"tasting": 0.3358852090264891,
	"beer": 0.3605634002849442,
	"champagne": 0.46380737161152447,
	"fruit": 0.2147535123226712,
	"pinot": 0.5448086310684069,
	"flavours": 0.5687668915272253,
	"winetasting": 0.61271864948553,
	"winery": 0.6314549598847226,
	"whisky": 0.7534238762901602,
	"nature": 0.5068477525803201,
	"drink": 0.7534238762901602,
	"drinking": 0.26027162887048017,
	"alcohol": 1.0,
	"alcoholic": 0.5068477525803201
 }