{
	"fucking": 0.3,
	"fuck": 0.9930656428334995,
	"bitch": 0.5119499130559697,
	"white": 0.12432277744614943,
	"shit": 0.14978252404496525,
	"hate": 0.18530155179007224,
	"lame": 0.25489660324396957,
	"fuckin": 0.2826128793825777,
	"trash": 0.3249716572554844,
	"shut": 0.3512763031307299,
	"cunt": 0.37088855694557077,
	"kill": 0.399207309452328,
	"dumb": 0.40260859214757466,
	"ugly": 0.42620311338066125,
	"stupid": 0.4485254918376612,
	"bitches": 0.4550585141330207,
	"black": 0.48348611240693595,
	"sunni": 0.5061449967647341,
	"shia": 0.5267222885662036,
	"afican": 0.4649904131617954,
	"terrorist": 0.7324952065808977,
	"dick": 0.3826812459559177,
	"nazi": 0.3826812459559177,
	"nude": 1.0,
	"bastard": 0.7942270819853059
 }